id,name,current_date
1,TELECOMUNICACIONES E INFORMÁTICA,2025-03-31 06:52:27
2,DISEÑO Y GESTIÓN EN MODA,2025-03-31 06:52:27
3,MÚSICA CON MENCIÓN EN COMPOSICIÓN MUSICAL,2025-03-31 06:52:27
4,"AUDICIÓN, LENGUAJE Y APRENDIZAJE",2025-03-31 06:52:27
5,INGENIERÍA AGRONÓMICA TROPICAL,2025-03-31 06:52:27
6,LINGÜÍSTICA,2025-03-31 06:52:27
7,CIENCIAS EMPRESARIALES,2025-03-31 06:52:27
8,INGENIERÍA DE NEGOCIOS,2025-03-31 06:52:27
9,OTRAS CARRERAS DE EDUCACIÓN,2025-03-31 06:52:27
10,COMERCIO Y NEGOCIOS INTERNACIONALES,2025-03-31 06:52:27
11,ESTADÍSTICA E INFORMÁTICA,2025-03-31 06:52:27
12,GENÉTICA Y BIOTECNOLOGÍA,2025-03-31 06:52:27
13,INGENIERÍA DE LA PRODUCCIÓN E INDUSTRIALIZACIÓN DE RECURSOS HIDROBIOLÓGICOS,2025-03-31 06:52:27
14,DISEÑO INDUSTRIAL Y ARQUITECTÓNICO,2025-03-31 06:52:27
15,CIENCIAS BIOLÓGICAS,2025-03-31 06:52:27
16,COOPERATIVISMO,2025-03-31 06:52:27
17,TECNOLOGÍA DEL VESTIDO,2025-03-31 06:52:27
18,MATEMÁTICA E INFORMÁTICA,2025-03-31 06:52:27
19,GASTRONOMÍA Y ARTE CULINARIO,2025-03-31 06:52:27
20,CIENCIA POLÍTICA,2025-03-31 06:52:27
21,INGENIERÍA DE PETRÓLEO,2025-03-31 06:52:27
22,PUBLICIDAD,2025-03-31 06:52:27
23,"EDUCACIÓN SECUNDARIA - LENGUA, COMUNICACIÓN E IDIOMA INGLÉS",2025-03-31 06:52:27
24,CIENCIAS FORESTALES Y DEL AMBIENTE,2025-03-31 06:52:27
25,HISTORIA,2025-03-31 06:52:27
26,AGROINDUSTRIAS,2025-03-31 06:52:27
27,INGENIERÍA DE MINAS Y MAQUINARIA PESADA,2025-03-31 06:52:27
28,INGENIERÍA GEOGRÁFICA Y ECOLÓGICA,2025-03-31 06:52:27
29,TEATRO CON MENCIÓN EN ACTUACIÓN,2025-03-31 06:52:27
30,INGENIERÍA EN GESTIÓN EMPRESARIAL,2025-03-31 06:52:27
31,NUTRICIÓN,2025-03-31 06:52:27
32,TERAPIA OCUPACIONAL,2025-03-31 06:52:27
33,BROMATOLOGÍA Y NUTRICIÓN,2025-03-31 06:52:27
34,SOCIOLOGÍA,2025-03-31 06:52:27
35,BIOTECNOLOGÍA,2025-03-31 06:52:27
36,ARQUEOARQUITECTURA Y GESTIÓN TURÍSTICA,2025-03-31 06:52:27
37,INGENIERÍA AGROECOLÓGICA Y DESARROLLO RURAL,2025-03-31 06:52:27
38,ODONTOLOGÍA,2025-03-31 06:52:27
39,INGENIERÍA GEOLÓGICA,2025-03-31 06:52:27
40,LOGÍSTICA INTERNACIONAL,2025-03-31 06:52:27
41,GASTRONOMÍA Y GESTIÓN DE RESTAURANTES,2025-03-31 06:52:27
42,INGENIERÍA ESTADÍSTICA,2025-03-31 06:52:27
43,FÍSICA,2025-03-31 06:52:27
44,ECONOMÍA Y NEGOCIOS INTERNACIONALES,2025-03-31 06:52:27
45,INGENIERÍA ELÉCTRICA Y DE POTENCIA,2025-03-31 06:52:27
46,ECONOMÍA AGRARIA,2025-03-31 06:52:27
47,GEOGRAFÍA,2025-03-31 06:52:27
48,INGENIERÍA INFORMÁTICA Y ESTADÍSTICA,2025-03-31 06:52:27
49,ACUICULTURA,2025-03-31 06:52:27
50,ADMINISTRACIÓN Y NEGOCIOS DEL DEPORTE,2025-03-31 06:52:27
51,ARTES ESCÉNICAS Y LITERATURA,2025-03-31 06:52:27
52,COMPUTACIÓN CIENTÍFICA,2025-03-31 06:52:27
53,ESTUDIOS DE LENGUAJE Y CULTURA,2025-03-31 06:52:27
54,DIRECCIÓN DE ARTES GRÁFICAS Y PUBLICITARIAS,2025-03-31 06:52:27
55,INGENIERÍA AGROFORESTAL ACUÍCOLA,2025-03-31 06:52:27
56,COMUNICACIÓN E IDIOMA INGLÉS,2025-03-31 06:52:27
57,GESTIÓN AMBIENTAL EMPRESARIAL,2025-03-31 06:52:27
58,ARQUITECTURA DE INTERIORES,2025-03-31 06:52:27
59,CIENCIAS DE LA INFORMACIÓN,2025-03-31 06:52:27
60,EDUCACIÓN SECUNDARIA - RELIGIOSA Y CIENCIAS SOCIALES,2025-03-31 06:52:27
61,INGENIERÍA EN ENERGÍA,2025-03-31 06:52:27
62,DISEÑO GRÁFICO PUBLICITARIO,2025-03-31 06:52:27
63,INGENIERÍA AUTOMOTRIZ,2025-03-31 06:52:27
64,ARTE Y HUMANIDADES,2025-03-31 06:52:27
65,OTRAS CARRERAS DE ARTE,2025-03-31 06:52:27
66,INGENIERÍA FORESTAL Y DEL MEDIO AMBIENTE,2025-03-31 06:52:27
67,"EDUCACIÓN SECUNDARIA - MATEMÁTICA, FÍSICA E INFORMÁTICA",2025-03-31 06:52:27
68,INGENIERÍA AMBIENTAL Y DE PREVENCIÓN DE RIESGOS,2025-03-31 06:52:27
69,URBANISMO,2025-03-31 06:52:27
70,EDUCACIÓN SECUNDARIA - LENGUA LITERATURA Y GESTIÓN EDUCATIVA,2025-03-31 06:52:27
71,OTRAS CARRERAS DE EDUCACIÓN TECNOLÓGICA,2025-03-31 06:52:27
72,INGENIERÍA AGROFORESTAL,2025-03-31 06:52:27
73,COMERCIO EXTERIOR Y MARKETING INTERNACIONAL,2025-03-31 06:52:27
74,INTERPRETACIÓN MUSICAL,2025-03-31 06:52:27
75,CIENCIAS CONTABLES Y FINANCIERAS,2025-03-31 06:52:27
76,ARQUITECTURA Y TERRITORIO,2025-03-31 06:52:27
77,INGENIERÍA TOPOGRÁFICA Y AGRIMENSURA,2025-03-31 06:52:27
78,PERIODISMO ESCRITO,2025-03-31 06:52:27
79,PRODUCCIÓN MUSICAL,2025-03-31 06:52:27
80,CONTABILIDAD Y AUDITORIA,2025-03-31 06:52:27
81,EDUCACIÓN SECUNDARIA - BIOLOGÍA Y QUÍMICA,2025-03-31 06:52:27
82,INGENIERÍA ELÉCTRICA Y ELECTRÓNICA,2025-03-31 06:52:27
83,"NUTRICIÓN, SALUD Y TÉCNICAS ALIMENTARIAS",2025-03-31 06:52:27
84,INGENIERÍA DE TECNOLOGÍAS DE INFORMACIÓN Y COMUNICACIÓN,2025-03-31 06:52:27
85,CONTABILIDAD ADMINISTRATIVA Y AUDITORIA,2025-03-31 06:52:27
86,GEOGRAFÍA Y MEDIO AMBIENTE,2025-03-31 06:52:27
87,"EDUCACIÓN SECUNDARIA - BIOLOGÍA, QUÍMICA Y TECNOLOGÍA DE LOS ALIMENTOS",2025-03-31 06:52:27
88,MECÁNICA DE PRODUCCIÓN,2025-03-31 06:52:27
89,EDUCACIÓN SECUNDARIA - CIENCIAS SOCIALES - FILOSOFÍA,2025-03-31 06:52:27
90,INGENIERÍA MECÁNICA ELÉCTRICA,2025-03-31 06:52:27
91,ADMINISTRACIÓN DE NEGOCIOS TURÍSTICOS,2025-03-31 06:52:27
92,CIENCIAS AERONÁUTICAS,2025-03-31 06:52:27
93,ESTUDIOS TEÓRICOS Y CRÍTICOS,2025-03-31 06:52:27
94,EDUCACIÓN SECUNDARIA - CIENCIAS NATURALES,2025-03-31 06:52:27
95,INGENIERÍA EMPRESARIAL Y DE SISTEMAS,2025-03-31 06:52:27
96,ECONOMÍA Y MICROFINANZAS,2025-03-31 06:52:27
97,ENFERMERÍA,2025-03-31 06:52:27
98,DISEÑO INDUSTRIAL,2025-03-31 06:52:27
99,INGENIERÍA DE SISTEMAS DE INFORMACIÓN,2025-03-31 06:52:27
100,INGENIERÍA INDUSTRIAL Y DE GESTIÓN EMPRESARIAL,2025-03-31 06:52:27
101,INGENIERÍA MECÁNICA DE FLUIDOS,2025-03-31 06:52:27
102,LABORATORIO Y ANATOMÍA PATOLÓGICA,2025-03-31 06:52:27
103,INGENIERÍA ECOTURISMO,2025-03-31 06:52:27
104,CIENCIAS DE LA COMUNICACIÓN SOCIAL,2025-03-31 06:52:27
105,ARQUEOLOGÍA,2025-03-31 06:52:27
106,CONTABILIDAD Y ADMINISTRACIÓN,2025-03-31 06:52:27
107,ADMINISTRACIÓN DE EMPRESAS TURÍSTICAS,2025-03-31 06:52:27
108,MARKETING Y NEGOCIOS INTERNACIONALES,2025-03-31 06:52:27
109,INGENIERÍA EN TELECOMUNICACIONES Y TELEMÁTICA,2025-03-31 06:52:27
110,LITERATURA Y LINGÜÍSTICA,2025-03-31 06:52:27
111,OPTOMETRÍA,2025-03-31 06:52:27
112,ELECTRÓNICA E INFORMÁTICA,2025-03-31 06:52:27
113,INGENIERÍA ELÉCTRICA,2025-03-31 06:52:27
114,HISTORIA Y GESTIÓN CULTURAL,2025-03-31 06:52:27
115,TURISMO - GESTIÓN TURÍSTICA Y MEDIO AMBIENTE,2025-03-31 06:52:27
116,DISEÑO PROFESIONAL GRÁFICO,2025-03-31 06:52:27
117,INGENIERÍA DE GEOLOGÍA - GEOTECNIA,2025-03-31 06:52:27
118,CONTABILIDAD AUDITORÍA Y FINANZAS,2025-03-31 06:52:27
119,"TURISMO, HOTELERÍA Y GASTRONOMÍA",2025-03-31 06:52:27
120,ARQUITECTURA,2025-03-31 06:52:27
121,PESQUERÍA,2025-03-31 06:52:27
122,CIENCIAS DE LA COMUNICACIÓN,2025-03-31 06:52:27
123,INGENIERÍA EN TELEINFORMÁTICA,2025-03-31 06:52:27
124,INGENIERÍA DE SISTEMAS,2025-03-31 06:52:27
125,INGENIERÍA NAVAL,2025-03-31 06:52:27
126,CIENCIAS PECUARIAS,2025-03-31 06:52:27
127,OTRAS CARRERAS DE EDUCACIÓN SECUNDARIA,2025-03-31 06:52:27
128,EDUCACIÓN SECUNDARIA - MATEMÁTICA Y FÍSICA,2025-03-31 06:52:27
129,ESTUDIOS PERUANOS,2025-03-31 06:52:27
130,PUBLICIDAD Y MULTIMEDIA,2025-03-31 06:52:27
131,INGENIERÍA DE SISTEMAS Y COMPUTACIÓN,2025-03-31 06:52:27
132,INGENIERÍA COMERCIAL Y FINANCIERA,2025-03-31 06:52:27
133,DISEÑO GRÁFICO,2025-03-31 06:52:27
134,AUDITORIA EMPRESARIAL Y DEL SECTOR PÚBLICO,2025-03-31 06:52:27
135,EDUCACIÓN SECUNDARIA - CIENCIAS NATURALES Y ECOLOGÍA,2025-03-31 06:52:27
136,INGENIERÍA DE SISTEMAS E INFORMÁTICA,2025-03-31 06:52:27
137,TRADUCCIÓN E INTERPRETACIÓN,2025-03-31 06:52:27
138,INGENIERÍA ELECTRÓNICA Y TELECOMUNICACIONES,2025-03-31 06:52:27
139,ECONOMÍA Y FINANZAS,2025-03-31 06:52:27
140,ADMINISTRACIÓN EN TURISMO Y NEGOCIOS,2025-03-31 06:52:27
141,DERECHO DEL MAR Y SERVICIOS ADUANEROS,2025-03-31 06:52:27
142,EDUCACIÓN FÍSICA Y DANZAS,2025-03-31 06:52:27
143,EDUCACIÓN INTERCULTURAL BILINGÜE: NIVEL INICIAL Y NIVEL PRIMARIA,2025-03-31 06:52:27
144,INGENIERÍA INDUSTRIAL Y SISTEMAS,2025-03-31 06:52:27
145,INGENIERÍA MECATRÓNICA,2025-03-31 06:52:27
146,INGENIERÍA DE REDES Y COMUNICACIONES,2025-03-31 06:52:27
147,DESARROLLO AMBIENTAL,2025-03-31 06:52:27
148,ZOOTECNIA,2025-03-31 06:52:27
149,ADMINISTRACIÓN DE NEGOCIOS INTERNACIONALES,2025-03-31 06:52:27
150,MATEMÁTICA APLICADA,2025-03-31 06:52:27
151,TURISMO SOSTENIBLE Y HOTELERÍA,2025-03-31 06:52:27
152,"EDUCACIÓN SECUNDARIA - MATEMÁTICA, COMPUTACIÓN E INFORMÁTICA",2025-03-31 06:52:27
153,CIENCIAS FÍSICO MATEMÁTICA,2025-03-31 06:52:27
154,INGENIERÍA EN CIENCIAS AGRARIAS,2025-03-31 06:52:27
155,ANTROPOLOGÍA,2025-03-31 06:52:27
156,ADMINISTRACIÓN EN TURISMO,2025-03-31 06:52:27
157,ARTES INDUSTRIALES,2025-03-31 06:52:27
158,INGENIERÍA AGRÍCOLA Y FORESTAL,2025-03-31 06:52:27
159,PSICOLOGÍA HUMANA,2025-03-31 06:52:27
160,EDUCACIÓN SECUNDARIA - PARA EL TRABAJO,2025-03-31 06:52:27
161,EDUCACIÓN FÍSICA EN POBLACIONES ESPECIALES,2025-03-31 06:52:27
162,EDUCACIÓN FÍSICA Y DEPORTES,2025-03-31 06:52:27
163,FARMACIA Y BIOQUÍMICA,2025-03-31 06:52:27
164,"EDUCACIÓN SECUNDARIA - LENGUAJE, LITERATURA E IDIOMAS",2025-03-31 06:52:27
165,IDIOMAS,2025-03-31 06:52:27
166,CIENCIAS ECONÓMICAS,2025-03-31 06:52:27
167,EDUCACIÓN SECUNDARIA - FILOSOFÍA Y PSICOPEDAGOGÍA,2025-03-31 06:52:27
168,METEOROLOGÍA,2025-03-31 06:52:27
169,DERECHO Y CIENCIAS POLÍTICAS,2025-03-31 06:52:27
170,GEOLOGÍA GEOTECNIA,2025-03-31 06:52:27
171,INGENIERÍA CIVIL Y DISEÑO ARQUITECTÓNICO,2025-03-31 06:52:27
172,INGENIERÍA METALÚRGICA,2025-03-31 06:52:27
173,OTRAS CARRERAS DE EDUCACIÓN ARTÍSTICAS,2025-03-31 06:52:27
174,CIENCIAS AGRARIAS,2025-03-31 06:52:27
175,COMUNICACIÓN Y PERIODISMO,2025-03-31 06:52:27
176,EDUCACIÓN SECUNDARIA - CIENCIA TECNOLOGÍA DE LA COMUNICACIÓN,2025-03-31 06:52:27
177,RADIOLOGÍA,2025-03-31 06:52:27
178,INGENIERÍA AMBIENTAL Y RECURSOS NATURALES,2025-03-31 06:52:27
179,INGENIERÍA DE TECNOLOGÍAS DE INFORMACIÓN Y SISTEMAS,2025-03-31 06:52:27
180,INGENIERÍA AERONÁUTICA,2025-03-31 06:52:27
181,AUTOMATIZACIÓN INDUSTRIAL,2025-03-31 06:52:27
182,VETERINARIA Y ZOOTECNIA,2025-03-31 06:52:27
183,CIENCIAS DEL DEPORTE,2025-03-31 06:52:27
184,MARKETING Y DIRECCIÓN DE EMPRESAS,2025-03-31 06:52:27
185,MEDICINA HUMANA,2025-03-31 06:52:27
186,OTRAS CARRERAS DE DISEÑO,2025-03-31 06:52:27
187,"EDUCACIÓN SECUNDARIA - FILOSOFÍA, PSICOLOGÍA Y CIENCIAS SOCIALES",2025-03-31 06:52:27
188,ANTROPOLOGÍA SOCIAL,2025-03-31 06:52:27
189,INGENIERÍA SANITARIA,2025-03-31 06:52:27
190,MARKETING EMPRESARIAL,2025-03-31 06:52:27
191,CIENCIAS DE LA COMUNICACIÓN Y PUBLICIDAD,2025-03-31 06:52:27
192,DISCAPACIDAD INTELECTUAL Y MULTIDISCAPACIDAD,2025-03-31 06:52:27
193,EDUCACIÓN,2025-03-31 06:52:27
194,EDUCACIÓN SECUNDARIA - CIENCIAS SOCIALES Y BIOÉTICA,2025-03-31 06:52:27
195,EDUCACIÓN SECUNDARIA - RELIGIÓN,2025-03-31 06:52:27
196,INGENIERÍA DE DISEÑO GRÁFICO,2025-03-31 06:52:27
197,"MÚSICA CON MENCIÓN EN INTÉRPRETE, PRODUCTOR Y DIRECTOR",2025-03-31 06:52:27
198,QUÍMICA,2025-03-31 06:52:27
199,RELACIONES INTERNACIONALES Y NEGOCIACIONES,2025-03-31 06:52:27
200,PERIODISMO,2025-03-31 06:52:27
201,INGENIERÍA ADMINISTRATIVA,2025-03-31 06:52:27
202,INGENIERÍA COMERCIAL,2025-03-31 06:52:27
203,CIENCIAS DE LA NUTRICIÓN,2025-03-31 06:52:27
204,INGENIERÍA INDUSTRIAL,2025-03-31 06:52:27
205,EDUCACIÓN SECUNDARIA - ARTE,2025-03-31 06:52:27
206,ADMINISTRACIÓN PÚBLICA Y GESTIÓN SOCIAL,2025-03-31 06:52:27
207,INGENIERÍA DE SISTEMAS Y TECNOLÓGICAS,2025-03-31 06:52:27
208,MARKETING Y PUBLICIDAD,2025-03-31 06:52:27
209,CONTABILIDAD Y TRIBUTACIÓN,2025-03-31 06:52:27
210,ARQUITECTURA Y GESTIÓN DE PROYECTOS,2025-03-31 06:52:27
211,TURISMO Y ADMINISTRACIÓN,2025-03-31 06:52:27
212,COMUNICACIÓN AUDIOVISUAL Y MEDIOS INTERACTIVOS,2025-03-31 06:52:27
213,EDUCACIÓN SECUNDARIA - INGLÉS Y FRANCÉS,2025-03-31 06:52:27
214,TEOLOGÍA,2025-03-31 06:52:27
215,MÚSICA CON MENCIÓN EN MUSICOLOGÍA,2025-03-31 06:52:27
216,ECONOMÍA GERENCIAL,2025-03-31 06:52:27
217,INGENIERÍA AGRÍCOLA,2025-03-31 06:52:27
218,GESTIÓN Y ALTA DIRECCIÓN,2025-03-31 06:52:27
219,INGENIERÍA DE INDUSTRIAS ALIMENTARIAS,2025-03-31 06:52:27
220,OTRAS CARRERAS DE ADMINISTRACIÓN,2025-03-31 06:52:27
221,"TURISMO, HOTELERÍA Y GESTIÓN CULTURAL",2025-03-31 06:52:27
222,EDUCACIÓN SECUNDARIA - FILOSOFÍA Y CIENCIAS SOCIALES,2025-03-31 06:52:27
223,INGENIERÍA EN TECNOLOGÍAS Y SISTEMAS DE INFORMACIÓN,2025-03-31 06:52:27
224,EDUCACIÓN SECUNDARIA - ANTROPOLOGÍA SOCIAL,2025-03-31 06:52:27
225,INGENIERÍA EN TELECOMUNICACIONES Y REDES,2025-03-31 06:52:27
226,"EDUCACIÓN BÁSICA, INICIAL Y PRIMARIA",2025-03-31 06:52:27
227,INGENIERÍA DE SISTEMAS Y SEGURIDAD INFORMÁTICA,2025-03-31 06:52:27
228,COMUNICACIÓN PARA EL DESARROLLO,2025-03-31 06:52:27
229,ADMINISTRACIÓN TURÍSTICA HOTELERA,2025-03-31 06:52:27
230,CONTABILIDAD,2025-03-31 06:52:27
231,MATEMÁTICA,2025-03-31 06:52:27
232,INGENIERÍA ELECTRÓNICA - MECATRÓNICA,2025-03-31 06:52:27
233,ADMINISTRACIÓN DE NEGOCIOS,2025-03-31 06:52:27
234,GERONTOLOGÍA SOCIAL,2025-03-31 06:52:27
235,EDUCACIÓN ARTÍSTICA - DANZA FOLKLÓRICA,2025-03-31 06:52:27
236,ARQUITECTURA Y URBANISMO AMBIENTAL,2025-03-31 06:52:27
237,INGENIERÍA DE HIGIENE Y SEGURIDAD INDUSTRIAL,2025-03-31 06:52:27
238,ELECTRÓNICA,2025-03-31 06:52:27
239,INGENIERÍA MARÍTIMA,2025-03-31 06:52:27
240,DERECHO,2025-03-31 06:52:27
241,MARKETING Y ADMINISTRACIÓN,2025-03-31 06:52:27
242,DERECHO EMPRESARIAL,2025-03-31 06:52:27
243,FILOSOFÍA,2025-03-31 06:52:27
244,EDUCACIÓN ARTÍSTICA - ARTE DRAMÁTICO,2025-03-31 06:52:27
245,MEDICINA VETERINARIA,2025-03-31 06:52:27
246,"EDUCACIÓN SECUNDARIA - HISTORIA, GEOGRAFÍA Y CIENCIAS SOCIALES",2025-03-31 06:52:27
247,INGENIERÍA PETROQUÍMICA,2025-03-31 06:52:27
248,INGENIERÍA AGRARIA,2025-03-31 06:52:27
249,INGENIERÍA ELECTROMECÁNICA,2025-03-31 06:52:27
250,INGENIERÍA DE PETRÓLEO Y GAS NATURAL,2025-03-31 06:52:27
251,"ADMINISTRACIÓN TURÍSTICA, HOTELERA Y GASTRONÓMICA",2025-03-31 06:52:27
252,ECONOMÍA,2025-03-31 06:52:27
253,EDUCACIÓN SECUNDARIA - MATEMÁTICA,2025-03-31 06:52:27
254,COMPUTACIÓN E INFORMÁTICA,2025-03-31 06:52:27
255,"EDUCACIÓN SECUNDARIA - QUÍMICA, FÍSICA Y BIOLOGÍA",2025-03-31 06:52:27
256,INGENIERÍA EN AGRONEGOCIOS,2025-03-31 06:52:27
257,ARCHIVO Y GESTIÓN DOCUMENTAL,2025-03-31 06:52:27
258,EBANISTERÍA Y DECORACIÓN,2025-03-31 06:52:27
259,ARTES ESCÉNICAS,2025-03-31 06:52:27
260,HOTELERÍA Y ADMINISTRACIÓN,2025-03-31 06:52:27
261,RELACIONES INDUSTRIALES,2025-03-31 06:52:27
262,TERAPIA FÍSICA,2025-03-31 06:52:27
263,EDUCACIÓN SECUNDARIA - IDIOMA EXTRANJERO/ORIGINA,2025-03-31 06:52:27
264,GESTIÓN TRIBUTARIA,2025-03-31 06:52:27
265,ADMINISTRACIÓN DE TURISMO SOSTENIBLE Y HOTELERÍA,2025-03-31 06:52:27
266,ADMINISTRACIÓN PÚBLICA,2025-03-31 06:52:27
267,TECNOLOGÍA MÉDICA,2025-03-31 06:52:27
268,CIENCIA TECNOLOGÍA Y AMBIENTE,2025-03-31 06:52:27
269,EDUCACIÓN SECUNDARIA - CIENCIA TECNOLOGÍA Y AMBIENTE,2025-03-31 06:52:27
270,INGENIERÍA DE RECURSOS NATURALES Y ENERGÍAS RENOVABLES,2025-03-31 06:52:27
271,EDUCACIÓN ARTÍSTICA - MÚSICA,2025-03-31 06:52:27
272,CIENCIAS NAVALES,2025-03-31 06:52:27
273,INGENIERÍA DEL TRANSPORTE MARÍTIMO Y GESTIÓN LOGÍSTICA PORTUARIA,2025-03-31 06:52:27
274,CONSTRUCCIONES METÁLICAS - SOLDADURA INDUSTRIAL,2025-03-31 06:52:27
275,MARKETING Y NEGOCIOS GLOBALES,2025-03-31 06:52:27
276,EDUCACIÓN SECUNDARIA - INGLÉS Y ALEMÁN,2025-03-31 06:52:27
277,ADMINISTRACIÓN HOTELERA Y DE SERVICIOS,2025-03-31 06:52:27
278,"LENGUA, TRADUCCIÓN E INTERPRETACIÓN",2025-03-31 06:52:27
279,ADMINISTRACIÓN Y AGRONEGOCIOS,2025-03-31 06:52:27
280,EDUCACIÓN SECUNDARIA - CIENCIAS SOCIALES - GEOGRAFÍA,2025-03-31 06:52:27
281,MÚSICA Y TECNOLOGÍA DE SONIDO,2025-03-31 06:52:27
282,INGENIERÍA ALIMENTARIA,2025-03-31 06:52:27
283,EDUCACIÓN SECUNDARIA - CIENCIAS SOCIALES Y TURISMO,2025-03-31 06:52:27
284,COMERCIO EXTERIOR,2025-03-31 06:52:27
285,BIOLOGÍA EN ACUICULTURA,2025-03-31 06:52:27
286,EDUCACIÓN SECUNDARIA - CIENCIAS HISTÓRICO SOCIALES,2025-03-31 06:52:27
287,INGENIERÍA TEXTIL Y CONFECCIONES,2025-03-31 06:52:27
288,ECONOMÍA INTERNACIONAL,2025-03-31 06:52:27
289,INGENIERÍA DE TELECOMUNICACIONES,2025-03-31 06:52:27
290,INGENIERÍA ESTADÍSTICA E INFORMÁTICA,2025-03-31 06:52:27
291,INGENIERÍA GEOFÍSICA,2025-03-31 06:52:27
292,INGENIERÍA FORESTAL,2025-03-31 06:52:27
293,EDUCACIÓN SECUNDARIA,2025-03-31 06:52:27
294,ADMINISTRACIÓN Y MARKETING ESTRATÉGICO,2025-03-31 06:52:27
295,GESTIÓN PÚBLICA Y DESARROLLO SOCIAL,2025-03-31 06:52:27
296,INGENIERÍA DE MEDIO AMBIENTE,2025-03-31 06:52:27
297,ARQUITECTURA Y DISEÑO DE INTERIORES,2025-03-31 06:52:27
298,DISEÑO PROFESIONAL DE INTERIORES,2025-03-31 06:52:27
299,PERIODISMO TELEVISIVO,2025-03-31 06:52:27
300,INGENIERÍA MECÁNICA ELÉCTRICA Y MECATRÓNICA,2025-03-31 06:52:27
301,EDUCACIÓN INICIAL Y ARTE,2025-03-31 06:52:27
302,OBSTETRICIA,2025-03-31 06:52:27
303,GESTIÓN DE NEGOCIOS,2025-03-31 06:52:27
304,INGENIERÍA DE SISTEMAS EMPRESARIALES,2025-03-31 06:52:27
305,EDUCACIÓN INICIAL - RETARDO MENTAL,2025-03-31 06:52:27
306,ADMINISTRACIÓN Y FINANZAS,2025-03-31 06:52:27
307,GESTIÓN,2025-03-31 06:52:27
308,NUTRICIÓN Y DIETÉTICA,2025-03-31 06:52:27
309,MÚSICA,2025-03-31 06:52:27
310,EDUCACIÓN SECUNDARIA - LENGUA Y LITERATURA,2025-03-31 06:52:27
311,INGENIERÍA DE NAVEGACIÓN Y MARINA MERCANTE,2025-03-31 06:52:27
312,EDUCACIÓN SECUNDARIA - CIENCIAS SOCIALES Y PROMOCIÓN SOCIO CULTURAL,2025-03-31 06:52:27
313,INGENIERÍA PESQUERA,2025-03-31 06:52:27
314,EDUCACIÓN PRIMARIA,2025-03-31 06:52:27
315,INGENIERÍA EN ENERGÍA RENOVABLE Y GESTIÓN AMBIENTAL,2025-03-31 06:52:27
316,PERIODISMO RADIAL,2025-03-31 06:52:27
317,LABORATORIO CLÍNICO,2025-03-31 06:52:27
318,ECONOMÍA Y GESTIÓN AMBIENTAL,2025-03-31 06:52:27
319,INGENIERÍA CIVIL Y DESARROLLO INMOBILIARIO,2025-03-31 06:52:27
320,INGENIERÍA DE SEGURIDAD Y AUDITORÍA INFORMÁTICA,2025-03-31 06:52:27
321,TERAPIA DE LENGUAJE,2025-03-31 06:52:27
322,INGENIERÍA EN ACUICULTURA,2025-03-31 06:52:27
323,EDUCACIÓN SECUNDARIA - CIENCIAS BIOLÓGICAS Y QUÍMICA,2025-03-31 06:52:27
324,INGENIERÍA CIVIL Y AMBIENTAL,2025-03-31 06:52:27
325,INGENIERÍA ELECTRÓNICA Y AUTOMATIZACIÓN,2025-03-31 06:52:27
326,ECOLOGÍA,2025-03-31 06:52:27
327,INGENIERÍA GEOGRÁFICA,2025-03-31 06:52:27
328,INGENIERÍA DE SISTEMAS Y GESTIÓN DE TECNOLOGÍAS DE LA INFORMACIÓN,2025-03-31 06:52:27
329,PSICOLOGÍA,2025-03-31 06:52:27
330,EDUCACIÓN SECUNDARIA - INGLÉS,2025-03-31 06:52:27
331,ESCULTURA,2025-03-31 06:52:27
332,SERVICIO SOCIAL,2025-03-31 06:52:27
333,ADMINISTRACIÓN Y EMPRENDIMIENTO,2025-03-31 06:52:27
334,ADMINISTRACIÓN Y RECURSOS HUMANOS,2025-03-31 06:52:27
335,INGENIERÍA BIOMÉDICA,2025-03-31 06:52:27
336,ADMINISTRACIÓN HOTELERA Y ECOTURISMO,2025-03-31 06:52:27
337,ADMINISTRACIÓN DE NEGOCIOS GLOBALES,2025-03-31 06:52:27
338,PSICOLOGÍA DEL CONSUMIDOR,2025-03-31 06:52:27
339,EDUCACIÓN SECUNDARIA - LINGÜÍSTICA Y LITERATURA,2025-03-31 06:52:27
340,INGENIERÍA FÍSICA,2025-03-31 06:52:27
341,METALURGIA Y JOYERÍA,2025-03-31 06:52:27
342,NEGOCIOS INTERNACIONALES,2025-03-31 06:52:27
343,ARQUITECTURA DEL PAISAJE,2025-03-31 06:52:27
344,DANZA,2025-03-31 06:52:27
345,EDUCACIÓN SECUNDARIA - INGLÉS E ITALIANO,2025-03-31 06:52:27
346,TECNOLOGÍA TEXTIL,2025-03-31 06:52:27
347,COMUNICACIÓN E IMAGEN EMPRESARIAL,2025-03-31 06:52:27
348,TOXICOLOGÍA,2025-03-31 06:52:27
349,INGENIERÍA DE LA PRODUCCIÓN Y ADMINISTRACIÓN,2025-03-31 06:52:27
350,BANCA Y SEGUROS,2025-03-31 06:52:27
351,GESTIÓN EN HOTELERÍA Y TURISMO,2025-03-31 06:52:27
352,INGENIERÍA DE SISTEMAS DE ENERGÍA,2025-03-31 06:52:27
353,MULTIMEDIA Y FOTOGRAFÍA PUBLICITARIA,2025-03-31 06:52:27
354,ESTUDIOS LATINOAMERICANOS,2025-03-31 06:52:27
355,INGENIERÍA DE SISTEMAS Y TELEMÁTICA,2025-03-31 06:52:27
356,INGENIERÍA EN ECOLOGÍA DE BOSQUES TROPICALES,2025-03-31 06:52:27
357,EDUCACIÓN SECUNDARIA - CIENCIAS SOCIALES - HISTORIA,2025-03-31 06:52:27
358,INGENIERÍA EMPRESARIAL,2025-03-31 06:52:27
359,GRABADO,2025-03-31 06:52:27
360,EDUCACIÓN SECUNDARIA - CIENCIAS SOCIALES,2025-03-31 06:52:27
361,MARKETING,2025-03-31 06:52:27
362,ECONOMÍA PÚBLICA,2025-03-31 06:52:27
363,COMUNICACIÓN Y MARKETING,2025-03-31 06:52:27
364,ADMINISTRACIÓN DE BANCA Y FINANZAS,2025-03-31 06:52:27
365,ECOTURISMO,2025-03-31 06:52:27
366,EDUCACIÓN PRIMARIA Y PROBLEMAS DE APRENDIZAJE,2025-03-31 06:52:27
367,"GASTRONOMÍA, ARTE CULINARIO Y GESTIÓN DE RESTAURANTES",2025-03-31 06:52:27
368,EDUCACIÓN PRIMARIA - EDUCACIÓN BÁSICA ALTERNATIVA,2025-03-31 06:52:27
369,EDUCACIÓN FÍSICA,2025-03-31 06:52:27
370,MEDICINA,2025-03-31 06:52:27
371,INGENIERÍA DE NEGOCIOS AGROFORESTALES,2025-03-31 06:52:27
372,"EDUCACIÓN SECUNDARIA - HISTORIA, GEOGRAFÍA Y ECOLOGÍA",2025-03-31 06:52:27
373,PSICOLOGÍA ORGANIZACIONAL,2025-03-31 06:52:27
374,CIENCIAS ADMINISTRATIVAS,2025-03-31 06:52:27
375,EDUCACIÓN SECUNDARIA - COMPUTACIÓN E INFORMÁTICA,2025-03-31 06:52:27
376,INDUSTRIAS ALIMENTARIAS,2025-03-31 06:52:27
377,INGENIERÍA ECONÓMICA Y DE NEGOCIOS,2025-03-31 06:52:27
378,CIENCIAS FARMACÉUTICAS Y BIOQUÍMICA,2025-03-31 06:52:27
379,INGENIERÍA DE NEGOCIOS AGRONÓMICOS Y FORESTALES,2025-03-31 06:52:27
380,AGRONOMÍA,2025-03-31 06:52:27
381,INGENIERÍA DE SISTEMAS DE INFORMACIÓN Y GESTIÓN,2025-03-31 06:52:27
382,INGENIERÍA AGRÓNOMA,2025-03-31 06:52:27
383,CONSTRUCCIÓN CIVIL,2025-03-31 06:52:27
384,BOTÁNICA,2025-03-31 06:52:27
385,INGENIERÍA ECONÓMICA,2025-03-31 06:52:27
386,CIENCIAS DE LA COMPUTACIÓN,2025-03-31 06:52:27
387,EDUCACIÓN PRIMARIA INTERCULTURAL,2025-03-31 06:52:27
388,ESTOMATOLOGÍA,2025-03-31 06:52:27
389,CIENCIAS CONTABLES,2025-03-31 06:52:27
390,"GERENCIA EN HOTELERÍA, TURISMO Y GASTRONOMÍA",2025-03-31 06:52:27
391,INGENIERÍA ELECTRÓNICA - TELECOMUNICACIONES,2025-03-31 06:52:27
392,EDUCACIÓN PRIMARIA Y BILINGÜE,2025-03-31 06:52:27
393,EDUCACIÓN SECUNDARIA - CIENCIAS SOCIALES - PSICOLOGÍA,2025-03-31 06:52:27
394,INFORMÁTICA,2025-03-31 06:52:27
395,MICROBIOLOGÍA Y PARASITOLOGÍA,2025-03-31 06:52:27
396,BIOLOGÍA MARINA Y ECONEGOCIOS,2025-03-31 06:52:27
397,CONTABILIDAD Y FINANZAS,2025-03-31 06:52:27
398,ADMINISTRACIÓN DE SERVICIOS TURÍSTICOS,2025-03-31 06:52:27
399,INGENIERÍA ELECTRÓNICA,2025-03-31 06:52:27
400,INGENIERÍA METALÚRGICA Y DE MATERIALES,2025-03-31 06:52:27
401,EDUCACIÓN INICIAL,2025-03-31 06:52:27
402,DISEÑO DIGITAL PUBLICITARIO,2025-03-31 06:52:27
403,ELECTRICIDAD,2025-03-31 06:52:27
404,ARQUEOLOGÍA E HISTORIA,2025-03-31 06:52:27
405,EDUCACIÓN ARTÍSTICA - ARTES PLÁSTICAS,2025-03-31 06:52:27
406,GESTIÓN DE PUERTOS Y ADUANAS,2025-03-31 06:52:27
407,GERENCIA EN SERVICIOS TURÍSTICOS Y HOTELEROS,2025-03-31 06:52:27
408,ADMINISTRACIÓN EN TURISMO Y HOTELERÍA,2025-03-31 06:52:27
409,TURISMO - CONDUCCIÓN DE GRUPOS,2025-03-31 06:52:27
410,"ARQUITECTURA, URBANISMO Y ARTES",2025-03-31 06:52:27
411,FÍSICA APLICADA,2025-03-31 06:52:27
412,TURISMO,2025-03-31 06:52:27
413,TERAPIA FÍSICA Y REHABILITACIÓN,2025-03-31 06:52:27
414,BIOLOGÍA,2025-03-31 06:52:27
415,ADMINISTRACIÓN TURÍSTICA,2025-03-31 06:52:27
416,INGENIERÍA AGROPECUARIA,2025-03-31 06:52:27
417,FUERZA MOTRIZ,2025-03-31 06:52:27
418,GEOLOGÍA,2025-03-31 06:52:27
419,INGENIERÍA EN GESTIÓN AMBIENTAL,2025-03-31 06:52:27
420,OBSTETRICIA Y PUERICULTURA,2025-03-31 06:52:27
421,COMUNICACIÓN Y PUBLICIDAD,2025-03-31 06:52:27
422,TRABAJO SOCIAL,2025-03-31 06:52:27
423,NEGOCIOS GLOBALES,2025-03-31 06:52:27
424,GESTIÓN DE RECURSOS HUMANOS,2025-03-31 06:52:27
425,EDUCACIÓN SECUNDARIA - MATEMÁTICA E INFORMÁTICA,2025-03-31 06:52:27
426,INGENIERÍA BIOTECNOLÓGICA,2025-03-31 06:52:27
427,MÚSICA CON MENCIÓN EN COMPOSICIÓN Y ETNOMUSICÓLOGO,2025-03-31 06:52:27
428,INGENIERÍA EN ECOTURISMO,2025-03-31 06:52:27
429,ADMINISTRACIÓN,2025-03-31 06:52:27
430,CIENCIAS DE LOS ALIMENTOS,2025-03-31 06:52:27
431,EDUCACIÓN SECUNDARIA - FILOSOFÍA Y RELIGIÓN,2025-03-31 06:52:27
432,RELACIONES INTERNACIONALES,2025-03-31 06:52:27
433,EDUCACIÓN SECUNDARIA - HISTORIA Y CIENCIAS SOCIALES,2025-03-31 06:52:27
434,INGENIERÍA COMERCIAL Y NEGOCIOS INTERNACIONALES,2025-03-31 06:52:27
435,BIOLOGÍA Y MICROBIOLOGÍA,2025-03-31 06:52:27
436,INGENIERÍA ELECTRÓNICA - BIOMÉDICA,2025-03-31 06:52:27
437,EDUCACIÓN PRIMARIA Y BILINGÜE INTERCULTURAL,2025-03-31 06:52:27
438,MECÁNICA AUTOMOTRIZ,2025-03-31 06:52:27
439,"EDUCACIÓN SECUNDARIA - CIENCIAS MATEMÁTICAS, FÍSICAS E INFORMÁTICA",2025-03-31 06:52:27
440,INGENIERÍA DE TRANSPORTES,2025-03-31 06:52:27
441,INGENIERÍA QUÍMICA,2025-03-31 06:52:27
442,NEGOCIOS INTERNACIONALES Y TURISMO,2025-03-31 06:52:27
443,INGENIERÍA DE SOFTWARE,2025-03-31 06:52:27
444,GASTRONOMÍA,2025-03-31 06:52:27
445,LITERATURA,2025-03-31 06:52:27
446,INGENIERÍA ZOOTECNIA,2025-03-31 06:52:27
447,COMUNICACIÓN LINGÜÍSTICA Y LITERATURA,2025-03-31 06:52:27
448,MEDICINA VETERINARIA Y ZOOTECNIA,2025-03-31 06:52:27
449,TURISMO Y HOTELERÍA,2025-03-31 06:52:27
450,INGENIERÍA TEXTIL,2025-03-31 06:52:27
451,CIENCIAS FORESTALES,2025-03-31 06:52:27
452,INGENIERÍA AMBIENTAL,2025-03-31 06:52:27
453,"ARQUITECTURA, URBANISMO Y TERRITORIO",2025-03-31 06:52:27
454,EDUCACIÓN INICIAL - NIÑEZ TEMPRANA,2025-03-31 06:52:27
455,PINTURA,2025-03-31 06:52:27
456,ARTE CULINARIO,2025-03-31 06:52:27
457,INGENIERÍA INFORMÁTICA,2025-03-31 06:52:27
458,ARQUITECTURA Y URBANISMO,2025-03-31 06:52:27
459,EDUCACIÓN SECUNDARIA - CIENCIAS SOCIALES Y DESARROLLO RURAL,2025-03-31 06:52:27
460,INGENIERÍA CIVIL,2025-03-31 06:52:27
461,EDUCACIÓN SECUNDARIA - COMUNICACIÓN,2025-03-31 06:52:27
462,ARTE Y DISEÑO EMPRESARIAL,2025-03-31 06:52:27
463,ADMINISTRACIÓN Y GESTIÓN EMPRESARIAL,2025-03-31 06:52:27
464,CONSERVACIÓN Y RESTAURACIÓN,2025-03-31 06:52:27
465,CONSERVACIÓN DE SUELOS Y AGUA,2025-03-31 06:52:27
466,INGENIERÍA DE MINAS,2025-03-31 06:52:27
467,ARQUITECTURA Y GESTIÓN DE TERRITORIOS,2025-03-31 06:52:27
468,INGENIERÍA DE PROCESOS QUÍMICOS Y METALÚRGICOS,2025-03-31 06:52:27
469,CIENCIA Y TECNOLOGÍA DE LA COMUNICACIÓN,2025-03-31 06:52:27
470,INGENIERÍA DE MATERIALES,2025-03-31 06:52:27
471,INGENIERÍA MECÁNICA,2025-03-31 06:52:27
472,INGENIERÍA SANITARIA Y AMBIENTAL,2025-03-31 06:52:27
473,COMUNICACIONES,2025-03-31 06:52:27
474,ARTE Y DISEÑO GRÁFICO EMPRESARIAL,2025-03-31 06:52:27
475,ADMINISTRACIÓN HOTELERA,2025-03-31 06:52:27
476,"PRODUCCIÓN DE RADIO, CINE Y TELEVISIÓN",2025-03-31 06:52:27
477,EDUCACIÓN FÍSICA EN EDADES TEMPRANAS,2025-03-31 06:52:27
478,EDUCACIÓN SECUNDARIA - HISTORIA Y GEOGRAFÍA,2025-03-31 06:52:27
479,ADMINISTRACIÓN Y GERENCIA,2025-03-31 06:52:27
480,TEATRO CON MENCIÓN EN DISEÑO ESCENOGRÁFICO,2025-03-31 06:52:27
481,EDUCACIÓN SECUNDARIA - CIENCIAS NATURALES TECNOLOGÍA Y AMBIENTE,2025-03-31 06:52:27
482,ARTES,2025-03-31 06:52:27
483,CIENCIA POLÍTICA Y GOBIERNO,2025-03-31 06:52:27
484,EDUCACIÓN SECUNDARIA BILINGÜE,2025-03-31 06:52:27
485,ADMINISTRACIÓN Y SISTEMAS,2025-03-31 06:52:27
486,FINANZAS,2025-03-31 06:52:27
487,ADMINISTRACIÓN DE EMPRESAS,2025-03-31 06:52:27
488,"EDUCACIÓN SECUNDARIA - MATEMÁTICA, COMPUTACIÓN Y FÍSICA",2025-03-31 06:52:27
489,TURISMO SOSTENIBLE,2025-03-31 06:52:27
490,ADMINISTRACIÓN EN SALUD,2025-03-31 06:52:27
491,ESTADÍSTICA,2025-03-31 06:52:27
492,INGENIERÍA DE TECNOLOGÍAS DE LA INFORMACIÓN Y SISTEMAS,2025-03-31 06:52:27
493,INGENIERÍA HIDRÁULICA,2025-03-31 06:52:27
494,DERECHO CORPORATIVO,2025-03-31 06:52:27
495,"EDUCACIÓN SECUNDARIA - PERSONA, FAMILIA Y RELACIONES HUMANAS",2025-03-31 06:52:27
496,ADMINISTRACIÓN DE NEGOCIOS TURÍSTICOS Y HOTELEROS,2025-03-31 06:52:27
497,INGENIERÍA INDUSTRIAL Y COMERCIAL,2025-03-31 06:52:27
498,NUTRICIÓN HUMANA,2025-03-31 06:52:27
499,COMUNICACIÓN AUDIOVISUAL,2025-03-31 06:52:27
500,TURISMO Y NEGOCIOS,2025-03-31 06:52:27
501,MARKETING Y GESTIÓN COMERCIAL,2025-03-31 06:52:27
502,INGENIERÍA ENERGÉTICA,2025-03-31 06:52:27
503,EDUCACIÓN SECUNDARIA - IDIOMA EXTRANJERO TRADUCCIÓN E INTERPRETACIÓN,2025-03-31 06:52:27
504,EDUCACIÓN INICIAL BILINGÜE,2025-03-31 06:52:27
505,INVESTIGACIÓN OPERATIVA,2025-03-31 06:52:27
506,"ADMINISTRACIÓN EN TURISMO, HOTELERÍA Y GASTRONOMÍA",2025-03-31 06:52:27
507,MÚSICA CON MENCIÓN EN CANTO,2025-03-31 06:52:27
508,ADMINISTRACIÓN DE SERVICIOS,2025-03-31 06:52:27
509,EDUCACIÓN PRIMARIA - INGLÉS,2025-03-31 06:52:27
510,MICROBIOLOGÍA,2025-03-31 06:52:27
511,EDUCACIÓN ARTÍSTICA,2025-03-31 06:52:27
512,ARTISTA MÚSICO,2025-03-31 06:52:27
513,BIBLIOTECOLOGÍA Y CIENCIAS DE LA INFORMACIÓN,2025-03-31 06:52:27
514,ADMINISTRACIÓN Y MARKETING,2025-03-31 06:52:27
515,AGRONOMÍA TROPICAL,2025-03-31 06:52:27
516,ADMINISTRACIÓN Y GESTIÓN DEPORTIVA,2025-03-31 06:52:27
520,INGENIERÍA AGROINDUSTRIAL,2025-03-31 16:52:52
523,ARCHIVÍSTICA Y GESTIÓN DOCUMENTARIA,2025-03-31 16:59:52
524,SECRETARIADO EJECUTIVO,2025-03-31 17:03:03
525,COMUNICACIÓN SOCIAL,2025-03-31 17:28:35
526,AUDIOVISUAL,2025-03-31 17:28:35
539,SECRETARIADO,2025-03-31 17:36:05
540,COMUNICACIÓN,2025-03-31 17:39:45
541,CIENCIAS AMBIENTALES,2025-03-31 17:40:27
542,CIENCIAS SOCIALES,2025-03-31 17:40:28
543,CIENCIAS NATURALES,2025-03-31 17:40:28
544,CIENCIAS DE LA TIERRA,2025-03-31 17:40:28
545,ARCHIVÍSTICA,2025-03-31 17:45:22
546,GESTIÓN DOCUMENTARIA,2025-03-31 17:45:22
547,DISEÑO,2025-04-02 08:00:33
548,ADMINISTRACIÓN DOCUMENTARIA,2025-04-02 08:00:33
549,GESTIÓN DE ARCHIVO,2025-04-02 08:00:33
550,MAQUINARIA PESADA,2025-04-11 08:00:37
551,CONTROL DE PROCESOS DE ALMACENAMIENTO,2025-04-11 08:00:39
552,ADMINISTRACIÓN LOGÍSTICA,2025-04-11 08:00:39
553,LOGÍSTICA Y ALMACÉN,2025-04-11 08:00:39
554,INGENIERÍA PESQUERA ACUÍCOLA,2025-04-22 08:00:39
555,INGENIERÍA METALÚRGICA Y MINERALES,2025-04-23 08:00:34
556,INGENIERÍA GEOLÓGICA GEOTECNIA,2025-04-23 08:00:34
557,OPERADOR DE MAQUINARIA PESADA,2025-04-26 08:00:25
558,ARCHIVÍSTICA Y GESTIÓN DOCUMENTAL,2025-05-01 08:00:34
559,INGENIERÍA,2025-05-03 08:00:28
560,TECNOLOGÍAS AMBIENTALES,2025-05-13 08:00:36
561,ELECTRÓNICA INDUSTRIAL,2025-05-13 08:00:36
562,MECATRÓNICA AUTOMOTRIZ,2025-05-14 08:00:39
563,CIENCIAS POLÍTICAS Y GOBIERNO,2025-05-17 08:00:33
564,,2025-05-17 08:00:35
565,ARCHIVOS,2025-05-21 08:00:35
566,CIENCIAS POLÍTICAS,2025-05-24 08:00:36
567,INGLÉS,2025-05-24 08:00:50
568,BIBLIOTECOLOGÍA,2025-05-24 08:00:53
569,INGENIERÍA FORESTAL Y AMBIENTAL,2025-05-28 08:00:35
570,INGENIERÍA EN INDUSTRIAS ALIMENTARIAS,2025-05-28 08:00:35
571,INGENIERÍAS,2025-05-28 08:00:38
572,ARTE,2025-05-31 08:00:35
573,INGENIERÍA DE COMPUTACIÓN E INFORMÁTICA,2025-06-01 08:00:37
574,,2025-06-05 08:00:32
575,,2025-06-05 08:00:32
576,,2025-06-05 08:00:34
577,,2025-06-05 08:00:34
578,,2025-06-05 08:00:34
